{
  "sections": [
    {
      "id": "section.hero",
      "trigger": [
        "he"
      ],
      "intent": "centered-stack",
      "node": {
        "type": "Section",
        "name": "hero",
        "children": [
          {
            "type": "H1",
            "content": "Hero Title"
          },
          {
            "type": "Paragraph",
            "content": "Subtitle text"
          }
        ]
      }
    },
    {
      "id": "section.news",
      "trigger": [
        "ne"
      ],
      "intent": "card-list-3",
      "node": {
        "type": "Section",
        "name": "news",
        "children": [
          {
            "type": "H2",
            "content": "Latest News"
          },
          {
            "type": "CardList",
            "count": 3
          }
        ]
      }
    }
  ]
}